<ShaderNodePreset SupportsAdaptiveDegradation="0" Description="" Name="ChannelBox">
<Shader OutputBitDepth="Output" Index="1">
<Uniform Index="0" NoInput="Error" Tooltip="" DisplayName="input" Mipmaps="False" GL_TEXTURE_WRAP_T="GL_REPEAT" GL_TEXTURE_WRAP_S="GL_REPEAT" GL_TEXTURE_MAG_FILTER="GL_NEAREST" GL_TEXTURE_MIN_FILTER="GL_NEAREST" Type="sampler2D" Name="front">
</Uniform>
<Uniform Max="12" Min="0" Default="-1" Inc="1" Tooltip="Channels and Limits" Row="0" Col="0" Page="0" DisplayName="Options" Type="int" Name="p_Channel" ValueType="Popup">
<PopupEntry Title="Blue < Red" Value="0">
</PopupEntry>
<PopupEntry Title="Blue < Green" Value="1">
</PopupEntry>
<PopupEntry Title="Blue < Green & Red" Value="2">
</PopupEntry>
<PopupEntry Title="Blue < Max(Green, Red)" Value="3">
</PopupEntry>
<PopupEntry Title="Green < Red" Value="4">
</PopupEntry>
<PopupEntry Title="Green < Blue" Value="5">
</PopupEntry>
<PopupEntry Title="Green < Blue & Red" Value="6">
</PopupEntry>
<PopupEntry Title="Green < Max(Blue, Red)" Value="7">
</PopupEntry>
<PopupEntry Title="Red < Green" Value="8">
</PopupEntry>
<PopupEntry Title="Red < Blue" Value="9">
</PopupEntry>
<PopupEntry Title="Red < Blue & Green" Value="10">
</PopupEntry>
<PopupEntry Title="Red < Max(Blue, Green)" Value="11">
</PopupEntry>
<PopupEntry Title="Bypass" Value="-1">
</PopupEntry>
</Uniform>
<Uniform Row="1" Col="0" Page="0" Default="False" Tooltip="" Type="bool" DisplayName="Preserve Luma" Name="p_SwitchC">
</Uniform>
<Uniform Row="0" Col="1" Page="0" Default="False" Tooltip="" Type="bool" DisplayName="Display Matte" Name="p_SwitchA">
</Uniform>
<Uniform Row="1" Col="1" Page="0" Default="False" Tooltip="" Type="bool" DisplayName="Invert" Name="p_SwitchB">
</Uniform>
<Uniform Max="7" Min="0" Default="0" Inc="1" Tooltip="Formula used to compute luminance from RGB values" Row="2" Col="0" Page="0" DisplayName="Luma Math" Type="int" Name="p_LumaMath" ValueType="Popup">
<PopupEntry Title="Rec.709" Value="0">
</PopupEntry>
<PopupEntry Title="Rec.2020" Value="1">
</PopupEntry>
<PopupEntry Title="DCI P3" Value="2">
</PopupEntry>
<PopupEntry Title="ACES AP0" Value="3">
</PopupEntry>
<PopupEntry Title="ACES AP1" Value="4">
</PopupEntry>
<PopupEntry Title="Average" Value="5">
</PopupEntry>
<PopupEntry Title="Max" Value="6">
</PopupEntry>
</Uniform>
<Uniform ResDependent="None" Max="1.0" Min="0.0" Default="1.000000" Inc="0.001" Tooltip="" Row="0" Col="2" Page="0" DisplayName="High" Type="float" Name="p_ScaleR">
</Uniform>
<Uniform ResDependent="None" Max="1.0" Min="0.0" Default="1.000000" Inc="0.001" Tooltip="" Row="1" Col="2" Page="0" DisplayName="Highfade" Type="float" Name="p_ScaleG">
</Uniform>
<Uniform ResDependent="None" Max="1.0" Min="0.0" Default="0.000000" Inc="0.001" Tooltip="" Row="1" Col="3" Page="0" DisplayName="Lowfade" Type="float" Name="p_ScaleB">
</Uniform>
<Uniform ResDependent="None" Max="1.0" Min="0.0" Default="0.000000" Inc="0.001" Tooltip="" Row="0" Col="3" Page="0" DisplayName="Low" Type="float" Name="p_ScaleA">
</Uniform>
<Uniform ResDependent="None" Max="5.0" Min="0.2" Default="1.000000" Inc="0.001" Tooltip="" Row="2" Col="2" Page="0" DisplayName="Highfade Curve" Type="float" Name="p_ScaleD">
</Uniform>
<Uniform ResDependent="None" Max="5.0" Min="0.2" Default="1.000000" Inc="0.001" Tooltip="" Row="2" Col="3" Page="0" DisplayName="Lowfade Curve" Type="float" Name="p_ScaleE">
</Uniform>
<Uniform ResDependent="None" Max="1.0" Min="-1.0" Default="0.000000" Inc="0.001" Tooltip="" Row="0" Col="4" Page="0" DisplayName="Offset" Type="float" Name="p_ScaleO">
</Uniform>
<Uniform ResDependent="None" Max="1.0" Min="0.0" Default="0.000000" Inc="0.001" Tooltip="" Row="1" Col="4" Page="0" DisplayName="Mix" Type="float" Name="p_ScaleZ">
</Uniform>
<Uniform ResDependent="None" Max="5.0" Min="0.0" Default="0.000000" Inc="0.001" Tooltip="" Row="2" Col="1" Page="0" DisplayName="Blur" Type="float" Name="p_Blur">
</Uniform>
</Shader>
<Page Name="ChannelBox" Page="0">
<Col Name="ChannelBox" Col="0" Page="0">
</Col>
</Page>
</ShaderNodePreset>
