<ShaderNodePreset SupportsAdaptiveDegradation="False" SupportsAction="False" SupportsTransition="False" SupportsTimeline="False" MatteProvider="False" TimelineUseBack="True" ShaderType="Matchbox" SoftwareVersion="2016.0.0" Name="Baldavenger ACES 1.2" LimitInputsToTexture="True">
  <Shader OutputBitDepth="Output" Index="1">
    <Uniform Index="0" NoInput="Error" Mipmaps="False"
	     GL_TEXTURE_WRAP_T="GL_REPEAT"
	     GL_TEXTURE_WRAP_S="GL_REPEAT"
	     GL_TEXTURE_MAG_FILTER="GL_LINEAR"
	     GL_TEXTURE_MIN_FILTER="GL_LINEAR" Type="sampler2D"
	     Tooltip="" DisplayName="Front" Name="front"
	     InputType="Front">
    </Uniform>
    <Uniform Default="700" ValueType="Popup"
	     Tooltip="RRTODT"
	     Row="0" Col="0" Page="0" Type="int"
	     DisplayName="RRTODT" Name="p_RRTODT">
         <PopupEntry Title="Bypass" Value="700">
         </PopupEntry>
         <PopupEntry Title="Rec709_100nits_10nits_BT1886" Value="701">
         </PopupEntry>
	 	 <PopupEntry Title="Rec709_100nits_10nits_sRGB" Value="702">
         </PopupEntry>
	 	 <PopupEntry Title="Rec2020_1000nits_15nits_HLG" Value="703">
         </PopupEntry>
         <PopupEntry Title="Rec2020_1000nits_15nits_ST2084" Value="704">
         </PopupEntry>
	 	 <PopupEntry Title="Rec2020_2000nits_15nits_ST2084" Value="705">
         </PopupEntry>
         <PopupEntry Title="Rec2020_4000nits_15nits_ST2084" Value="706">
         </PopupEntry>
         <PopupEntry Title="P3D65_108nits_7_2nits_ST2084" Value="707">
         </PopupEntry>
         <PopupEntry Title="P3D65_1000nits_15nits_ST2084" Value="708">
         </PopupEntry>
         <PopupEntry Title="P3D65_2000nits_15nits_ST2084" Value="709">
         </PopupEntry>
         <PopupEntry Title="P3D65_4000nits_15nits_ST2084" Value="710">
         </PopupEntry>
         <PopupEntry Title="Custom RRTODT" Value="711">
         </PopupEntry>
	</Uniform>
	<Uniform Default="800" ValueType="Popup"
	     Tooltip="InvRRTODT"
	     Row="1" Col="0" Page="0" Type="int"
	     DisplayName="InvRRTODT" Name="p_INVRRTODT">
         <PopupEntry Title="Bypass" Value="800">
         </PopupEntry>
         <PopupEntry Title="Rec709_100nits_10nits_BT1886" Value="801">
         </PopupEntry>
	 	 <PopupEntry Title="Rec709_100nits_10nits_sRGB" Value="802">
         </PopupEntry>
	 	 <PopupEntry Title="Rec2020_1000nits_15nits_HLG" Value="803">
         </PopupEntry>
         <PopupEntry Title="Rec2020_1000nits_15nits_ST2084" Value="804">
         </PopupEntry>
	 	 <PopupEntry Title="Rec2020_2000nits_15nits_ST2084" Value="805">
         </PopupEntry>
         <PopupEntry Title="Rec2020_4000nits_15nits_ST2084" Value="806">
         </PopupEntry>
         <PopupEntry Title="P3D65_108nits_7_2nits_ST2084" Value="807">
         </PopupEntry>
         <PopupEntry Title="P3D65_1000nits_15nits_ST2084" Value="808">
         </PopupEntry>
         <PopupEntry Title="P3D65_2000nits_15nits_ST2084" Value="809">
         </PopupEntry>
         <PopupEntry Title="P3D65_4000nits_15nits_ST2084" Value="810">
         </PopupEntry>
         <PopupEntry Title="Custom InvRRTODT" Value="811">
         </PopupEntry>
	</Uniform>
    <Uniform Name="p_OT_Y_MIN" Type="float" DisplayName="Y_Min" Page="1" Col="1" Row="0" Tooltip="" Inc="0.00001" Default="0.0001" Min="0.00001" Max="0.1" ResDependent="None">
      </Uniform>
    <Uniform Name="p_OT_Y_MID" Type="float" DisplayName="Y_Mid" Page="1" Col="1" Row="1" Tooltip="" Inc="0.1" Default="15.0" Min="0.0" Max="100.0" ResDependent="None">
      </Uniform>
    <Uniform Name="p_OT_Y_MAX" Type="float" DisplayName="Y_Max" Page="1" Col="1" Row="2" Tooltip="" Inc="1.0" Default="1000.0" Min="48.0" Max="10000.0" ResDependent="None">
      </Uniform>
    <Uniform Name="p_InvOT_Y_MIN" Type="float" DisplayName="Y_Min" Page="1" Col="3" Row="0" Tooltip="" Inc="0.00001" Default="0.0001" Min="0.00001" Max="0.1" ResDependent="None">
      </Uniform>
    <Uniform Name="p_InvOT_Y_MID" Type="float" DisplayName="Y_Mid" Page="1" Col="3" Row="1" Tooltip="" Inc="0.1" Default="15.0" Min="0.0" Max="100.0" ResDependent="None">
      </Uniform>
    <Uniform Name="p_InvOT_Y_MAX" Type="float" DisplayName="Y_Max" Page="1" Col="3" Row="2" Tooltip="" Inc="1.0" Default="1000.0" Min="48.0" Max="10000.0" ResDependent="None">
      </Uniform>
    <Uniform Default="0" ValueType="Popup"
	     Tooltip="Chromaticities"
	     Row="0" Col="0" Page="1" Type="int"
	     DisplayName="Chromaticities" Name="p_OT_Display">
         <PopupEntry Title="Rec2020" Value="0">
         </PopupEntry>
	 	 <PopupEntry Title="P3D60" Value="1">
         </PopupEntry>
         <PopupEntry Title="P3D65" Value="2">
         </PopupEntry>
	 	 <PopupEntry Title="P3DCI" Value="3">
         </PopupEntry>
         <PopupEntry Title="Rec709" Value="4">
         </PopupEntry>
	</Uniform>
	<Uniform Default="0" ValueType="Popup"
	     Tooltip="Limit Promaries"
	     Row="1" Col="0" Page="1" Type="int"
	     DisplayName="Limit" Name="p_OT_Limit">
         <PopupEntry Title="Rec2020" Value="0">
         </PopupEntry>
	 	 <PopupEntry Title="P3D60" Value="1">
         </PopupEntry>
         <PopupEntry Title="P3D65" Value="2">
         </PopupEntry>
	 	 <PopupEntry Title="P3DCI" Value="3">
         </PopupEntry>
         <PopupEntry Title="Rec709" Value="4">
         </PopupEntry>
	</Uniform>
	<Uniform Default="0" ValueType="Popup"
	     Tooltip="EOTF"
	     Row="2" Col="0" Page="1" Type="int"
	     DisplayName="EOTF" Name="p_OT_EOTF">
         <PopupEntry Title="ST2084" Value="0">
         </PopupEntry>
	 	 <PopupEntry Title="BT1886" Value="1">
         </PopupEntry>
         <PopupEntry Title="sRGB" Value="2">
         </PopupEntry>
	 	 <PopupEntry Title="Gamma 2.6" Value="3">
         </PopupEntry>
         <PopupEntry Title="Limear" Value="4">
         </PopupEntry>
         <PopupEntry Title="HLG" Value="5">
         </PopupEntry>
	</Uniform>
	<Uniform Default="1" ValueType="Popup"
	     Tooltip="Surround"
	     Row="3" Col="0" Page="1" Type="int"
	     DisplayName="Surround" Name="p_OT_SURR">
         <PopupEntry Title="Dark" Value="0">
         </PopupEntry>
	 	 <PopupEntry Title="Dim" Value="1">
         </PopupEntry>
         <PopupEntry Title="Normal" Value="2">
         </PopupEntry>
	</Uniform>
	<Uniform Default="0" ValueType="Popup"
	     Tooltip="Chromaticities"
	     Row="0" Col="2" Page="1" Type="int"
	     DisplayName="Chromaticities" Name="p_InvOT_Display">
         <PopupEntry Title="Rec2020" Value="0">
         </PopupEntry>
	 	 <PopupEntry Title="P3D60" Value="1">
         </PopupEntry>
         <PopupEntry Title="P3D65" Value="2">
         </PopupEntry>
	 	 <PopupEntry Title="P3DCI" Value="3">
         </PopupEntry>
         <PopupEntry Title="Rec709" Value="4">
         </PopupEntry>
	</Uniform>
	<Uniform Default="0" ValueType="Popup"
	     Tooltip="Limit Promaries"
	     Row="1" Col="2" Page="1" Type="int"
	     DisplayName="Limit" Name="p_InvOT_Limit">
         <PopupEntry Title="Rec2020" Value="0">
         </PopupEntry>
	 	 <PopupEntry Title="P3D60" Value="1">
         </PopupEntry>
         <PopupEntry Title="P3D65" Value="2">
         </PopupEntry>
	 	 <PopupEntry Title="P3DCI" Value="3">
         </PopupEntry>
         <PopupEntry Title="Rec709" Value="4">
         </PopupEntry>
	</Uniform>
	<Uniform Default="0" ValueType="Popup"
	     Tooltip="EOTF"
	     Row="2" Col="2" Page="1" Type="int"
	     DisplayName="EOTF" Name="p_InvOT_EOTF">
         <PopupEntry Title="ST2084" Value="0">
         </PopupEntry>
	 	 <PopupEntry Title="BT1886" Value="1">
         </PopupEntry>
         <PopupEntry Title="sRGB" Value="2">
         </PopupEntry>
	 	 <PopupEntry Title="Gamma 2.6" Value="3">
         </PopupEntry>
         <PopupEntry Title="Limear" Value="4">
         </PopupEntry>
         <PopupEntry Title="HLG" Value="5">
         </PopupEntry>
	</Uniform>
	<Uniform Default="1" ValueType="Popup"
	     Tooltip="Surround"
	     Row="3" Col="2" Page="1" Type="int"
	     DisplayName="Surround" Name="p_InvOT_SURR">
         <PopupEntry Title="Dark" Value="0">
         </PopupEntry>
	 	 <PopupEntry Title="Dim" Value="1">
         </PopupEntry>
         <PopupEntry Title="Normal" Value="2">
         </PopupEntry>
	</Uniform>
		<Uniform Row="4" Col="0" Page="1" Default="False" Tooltip="" Type="bool" DisplayName="D60 Sim" Name="p_OT_D60_SIM">
	</Uniform>
		<Uniform Row="3" Col="1" Page="1" Default="False" Tooltip="" Type="bool" DisplayName="Stretch Black" Name="p_OT_Stretch">
	</Uniform>
		<Uniform Row="4" Col="1" Page="1" Default="False" Tooltip="" Type="bool" DisplayName="Legal Range" Name="p_OT_Legal">
	</Uniform>
		<Uniform Row="4" Col="2" Page="1" Default="False" Tooltip="" Type="bool" DisplayName="D60 Sim" Name="p_InvOT_D60_SIM">
	</Uniform>
		<Uniform Row="3" Col="3" Page="1" Default="False" Tooltip="" Type="bool" DisplayName="Stretch Black" Name="p_InvOT_Stretch">
	</Uniform>
		<Uniform Row="4" Col="3" Page="1" Default="False" Tooltip="" Type="bool" DisplayName="Legal Range" Name="p_InvOT_Legal">
	</Uniform>
  </Shader>
  <Page Name="Transforms" Page="0">
      <Col Name="ACES RRTODT 1.2" Col="0" Page="0">
      </Col>
   </Page>
   <Page Name="Custom" Page="1">
      <Col Name="Custom RRTODT" Col="0" Page="1">
      </Col>
      <Col Name="Custom InvRRTODT" Col="2" Page="1">
      </Col>
   </Page>
</ShaderNodePreset>