<ShaderNodePreset SupportsAdaptiveDegradation="False" SupportsAction="False" SupportsTransition="False" SupportsTimeline="False" MatteProvider="False" TimelineUseBack="True" ShaderType="Matchbox" SoftwareVersion="2016.0.0" Name="Baldavenger LMT ACES 1.2" LimitInputsToTexture="True">
  <Shader OutputBitDepth="Output" Index="1">
    <Uniform Index="0" NoInput="Error" Mipmaps="False"
	     GL_TEXTURE_WRAP_T="GL_REPEAT"
	     GL_TEXTURE_WRAP_S="GL_REPEAT"
	     GL_TEXTURE_MAG_FILTER="GL_LINEAR"
	     GL_TEXTURE_MIN_FILTER="GL_LINEAR" Type="sampler2D"
	     Tooltip="" DisplayName="Front" Name="front"
	     InputType="Front">
    </Uniform>
    <Uniform Name="p_Exposure" Type="float" DisplayName="Exposure" Page="0" Col="0" Row="0" Tooltip="" Inc="0.01" Default="0" Min="-10.0" Max="10.0" ResDependent="None">
    </Uniform>
    <Uniform Default="300" ValueType="Popup"
	     Tooltip="LMT"
	     Row="1" Col="0" Page="0" Type="int"
	     DisplayName="LMT" Name="p_LMT">
         <PopupEntry Title="Bypass" Value="00">
         </PopupEntry>
         <PopupEntry Title="BlueLight Artifact Fix" Value="301">
         </PopupEntry>
         <PopupEntry Title="Print Film Emulation" Value="302">
         </PopupEntry>
         <PopupEntry Title="Custom LMT" Value="303">
         </PopupEntry>
	 	 <PopupEntry Title="Bleach Bypass" Value="304">
         </PopupEntry>
    </Uniform>
	<Uniform Name="p_LMTScale1" Type="float" DisplayName="Scale Colour" Page="1" Col="0" Row="0" Tooltip="" Inc="0.001" Default="1.0" Min="0.0" Max="3.0" ResDependent="None">
      </Uniform>
    <Uniform Name="p_LMTScale2" Type="float" DisplayName="Slope" Page="1" Col="0" Row="1" Tooltip="" Inc="0.001" Default="1.0" Min="0.0" Max="3.0" ResDependent="None">
      </Uniform>
    <Uniform Name="p_LMTScale3" Type="float" DisplayName="Offset" Page="1" Col="0" Row="2" Tooltip="" Inc="0.001" Default="0.0" Min="-3.0" Max="3.0" ResDependent="None">
      </Uniform>
    <Uniform Name="p_LMTScale4" Type="float" DisplayName="Power" Page="1" Col="0" Row="3" Tooltip="" Inc="0.001" Default="1.0" Min="0.0" Max="3.0" ResDependent="None">
      </Uniform>
    <Uniform Name="p_LMTScale25" Type="float" DisplayName="Saturation" Page="1" Col="0" Row="4" Tooltip="" Inc="0.001" Default="1.0" Min="0.0" Max="3.0" ResDependent="None">
      </Uniform>
	<Uniform Name="p_LMTScale5" Type="float" DisplayName="Contrast" Page="1" Col="1" Row="0" Tooltip="" Inc="0.001" Default="1.0" Min="0.0" Max="3.0" ResDependent="None">
      </Uniform>
    <Uniform Name="p_LMTScale6" Type="float" DisplayName="Pivot Point" Page="1" Col="1" Row="1" Tooltip="" Inc="0.001" Default="0.18" Min="0.0" Max="1.0" ResDependent="None">
      </Uniform>
    <Uniform Name="p_LMTScale7" Type="float" DisplayName="HvH Hue1" Page="1" Col="1" Row="2" Tooltip="" Inc="0.01" Default="30.0" Min="0.0" Max="360.0" ResDependent="None">
      </Uniform>
    <Uniform Name="p_LMTScale8" Type="float" DisplayName="HvH Range1" Page="1" Col="1" Row="3" Tooltip="" Inc="0.01" Default="60.0" Min="0.0" Max="360.0" ResDependent="None">
      </Uniform>
    <Uniform Name="p_LMTScale9" Type="float" DisplayName="HvH Rotation1" Page="1" Col="1" Row="4" Tooltip="" Inc="0.01" Default="0.0" Min="-360.0" Max="360.0" ResDependent="None">
      </Uniform>
    <Uniform Name="p_LMTScale10" Type="float" DisplayName="HvH Hue2" Page="1" Col="2" Row="0" Tooltip="" Inc="0.01" Default="210.0" Min="0.0" Max="360.0" ResDependent="None">
      </Uniform>
    <Uniform Name="p_LMTScale11" Type="float" DisplayName="HvH Range2" Page="1" Col="2" Row="1" Tooltip="" Inc="0.01" Default="60.0" Min="0.0" Max="360.0" ResDependent="None">
      </Uniform>
    <Uniform Name="p_LMTScale12" Type="float" DisplayName="HvH Rotation2" Page="1" Col="2" Row="2" Tooltip="" Inc="0.01" Default="0.0" Min="-360.0" Max="360.0" ResDependent="None">
      </Uniform>
    <Uniform Name="p_LMTScale13" Type="float" DisplayName="HvH Hue3" Page="1" Col="2" Row="3" Tooltip="" Inc="0.01" Default="120.0" Min="0.0" Max="360.0" ResDependent="None">
      </Uniform>
    <Uniform Name="p_LMTScale14" Type="float" DisplayName="HvH Range3" Page="1" Col="2" Row="4" Tooltip="" Inc="0.01" Default="60.0" Min="0.0" Max="360.0" ResDependent="None">
      </Uniform>
    <Uniform Name="p_LMTScale15" Type="float" DisplayName="HvH Rotation3" Page="1" Col="3" Row="0" Tooltip="" Inc="0.01" Default="0.0" Min="-360.0" Max="360.0" ResDependent="None">
      </Uniform>
    <Uniform Name="p_LMTScale16" Type="float" DisplayName="HvS Hue1" Page="1" Col="3" Row="1" Tooltip="" Inc="0.01" Default="30.0" Min="0.0" Max="360.0" ResDependent="None">
      </Uniform>
    <Uniform Name="p_LMTScale17" Type="float" DisplayName="HvS Range1" Page="1" Col="3" Row="2" Tooltip="" Inc="0.01" Default="60.0" Min="0.0" Max="360.0" ResDependent="None">
      </Uniform>
    <Uniform Name="p_LMTScale18" Type="float" DisplayName="HvS Sat1" Page="1" Col="3" Row="3" Tooltip="" Inc="0.01" Default="1.0" Min="0.0" Max="3.0" ResDependent="None">
      </Uniform>
    <Uniform Name="p_LMTScale19" Type="float" DisplayName="HvH Hue4" Page="1" Col="3" Row="4" Tooltip="" Inc="0.01" Default="0.0" Min="0.0" Max="360.0" ResDependent="None">
      </Uniform>
    <Uniform Name="p_LMTScale20" Type="float" DisplayName="HvH Range4" Page="1" Col="4" Row="0" Tooltip="" Inc="0.01" Default="60.0" Min="0.0" Max="360.0" ResDependent="None">
      </Uniform>
    <Uniform Name="p_LMTScale21" Type="float" DisplayName="HvH Rotation4" Page="1" Col="4" Row="1" Tooltip="" Inc="0.01" Default="0.0" Min="-360.0" Max="360.0" ResDependent="None">
      </Uniform>
    <Uniform Name="p_LMTScale22" Type="float" DisplayName="HvS Hue2" Page="1" Col="4" Row="2" Tooltip="" Inc="0.01" Default="210.0" Min="0.0" Max="360.0" ResDependent="None">
      </Uniform>
    <Uniform Name="p_LMTScale23" Type="float" DisplayName="HvS Range2" Page="1" Col="4" Row="3" Tooltip="" Inc="0.01" Default="60.0" Min="0.0" Max="360.0" ResDependent="None">
      </Uniform>
    <Uniform Name="p_LMTScale24" Type="float" DisplayName="HvS Sat2" Page="1" Col="4" Row="4" Tooltip="" Inc="0.01" Default="1.0" Min="0.0" Max="3.0" ResDependent="None">
      </Uniform>
  </Shader>
  <Page Name="Transforms" Page="0">
      <Col Name="ACES LMT 1.2" Col="0" Page="0">
      </Col>
   </Page>
   <Page Name="LMT Custom" Page="1">
      <Col Name="LMT Custom" Col="0" Page="1">
      </Col>
   </Page>
</ShaderNodePreset>