<ShaderNodePreset SupportsAdaptiveDegradation="False" SupportsAction="False" SupportsTransition="False" SupportsTimeline="False" MatteProvider="False" TimelineUseBack="True" ShaderType="Matchbox" SoftwareVersion="2016.0.0" Name="Baldavenger ACEScsc 1.2" LimitInputsToTexture="True">
  <Shader OutputBitDepth="Output" Index="1">
    <Uniform Index="0" NoInput="Error" Mipmaps="False"
	     GL_TEXTURE_WRAP_T="GL_REPEAT"
	     GL_TEXTURE_WRAP_S="GL_REPEAT"
	     GL_TEXTURE_MAG_FILTER="GL_LINEAR"
	     GL_TEXTURE_MIN_FILTER="GL_LINEAR" Type="sampler2D"
	     Tooltip="" DisplayName="Front" Name="front"
	     InputType="Front">
    </Uniform>
    <Uniform Default="100" ValueType="Popup"
	     Tooltip="CSCIN"
	     Row="0" Col="0" Page="0" Type="int"
	     DisplayName="CSCIN" Name="p_CSCIN">
         <PopupEntry Title="Bypass" Value="100">
         </PopupEntry>
         <PopupEntry Title="ACEScc_to_ACES" Value="101">
         </PopupEntry>
	 	 <PopupEntry Title="ACEScct_to_ACES" Value="102">
         </PopupEntry>
         <PopupEntry Title="ACEScg_to_ACES" Value="103">
         </PopupEntry>
         <PopupEntry Title="ACESproxy_to_ACES" Value="104">
         </PopupEntry>
	 	 <PopupEntry Title="ADX_to_ACES" Value="105">
         </PopupEntry>
         <PopupEntry Title="ICpCt_to_ACES" Value="106">
         </PopupEntry>
         <PopupEntry Title="LogC_EI800_AWG_to_ACES" Value="107">
         </PopupEntry>
         <PopupEntry Title="Log3G10_RWG_to_ACES" Value="108">
         </PopupEntry>
         <PopupEntry Title="SLog3_SG3_to_ACES" Value="109">
         </PopupEntry>
	 	 <PopupEntry Title="SLog3_SG3C_to_ACES" Value="110">
         </PopupEntry>
    </Uniform>
    <Uniform Default="400" ValueType="Popup"
	     Tooltip="CSCOUT"
	     Row="1" Col="0" Page="0" Type="int"
	     DisplayName="CSCOUT" Name="p_CSCOUT">
         <PopupEntry Title="Bypass" Value="400">
         </PopupEntry>
         <PopupEntry Title="ACES_to_ACEScc" Value="401">
         </PopupEntry>
	 	 <PopupEntry Title="ACES_to_ACEScct" Value="402">
         </PopupEntry>
         <PopupEntry Title="ACES_to_ACEScg" Value="403">
         </PopupEntry>
         <PopupEntry Title="ACES_to_ACESproxy" Value="404">
         </PopupEntry>
	 	 <PopupEntry Title="ACES_to_ADX" Value="405">
         </PopupEntry>
         <PopupEntry Title="ACES_to_ICpCt" Value="406">
         </PopupEntry>
         <PopupEntry Title="ACES_to_LogC_EI800_AWG" Value="407">
         </PopupEntry>
         <PopupEntry Title="ACES_to_Log3G10_RWG" Value="408">
         </PopupEntry>
         <PopupEntry Title="ACES_to_SLog3_SG3" Value="409">
         </PopupEntry>
	 	 <PopupEntry Title="ACES_to_SLog3_SG3C" Value="410">
         </PopupEntry>
    </Uniform>
  </Shader>
  <Page Name="Transforms" Page="0">
      <Col Name="ACEScsc 1.2" Col="0" Page="0">
      </Col>
   </Page>
</ShaderNodePreset>