<ShaderNodePreset SupportsAdaptiveDegradation="False" SupportsAction="False" SupportsTransition="False" SupportsTimeline="False" MatteProvider="False" TimelineUseBack="True" ShaderType="Matchbox" SoftwareVersion="2016.0.0" Name="Baldavenger ODT ACES 1.2" LimitInputsToTexture="True">
  <Shader OutputBitDepth="Output" Index="1">
    <Uniform Index="0" NoInput="Error" Mipmaps="False"
	     GL_TEXTURE_WRAP_T="GL_REPEAT"
	     GL_TEXTURE_WRAP_S="GL_REPEAT"
	     GL_TEXTURE_MAG_FILTER="GL_LINEAR"
	     GL_TEXTURE_MIN_FILTER="GL_LINEAR" Type="sampler2D"
	     Tooltip="" DisplayName="Front" Name="front"
	     InputType="Front">
    </Uniform>
    <Uniform Default="500" ValueType="Popup"
	     Tooltip="ODT"
	     Row="0" Col="0" Page="0" Type="int"
	     DisplayName="ODT" Name="p_ODT">
         <PopupEntry Title="Bypass" Value="500">
         </PopupEntry>
	 	 <PopupEntry Title="Rec709_100nits_dim" Value="501">
         </PopupEntry>
         <PopupEntry Title="Rec709_D60sim_100nits_dim" Value="502">
         </PopupEntry>
         <PopupEntry Title="sRGB_100nits_dim" Value="503">
         </PopupEntry>
         <PopupEntry Title="sRGB_D60sim_100nits_dim" Value="504">
         </PopupEntry>
         <PopupEntry Title="Rec2020_100nits_dim" Value="505">
         </PopupEntry>
	 	 <PopupEntry Title="Rec2020_ST2084_1000nits" Value="506">
         </PopupEntry>
         <PopupEntry Title="Rec2020_Rec709limited_100nits_dim" Value="507">
         </PopupEntry>
	 	 <PopupEntry Title="Rec2020_P3D65limited_100nits_dim" Value="508">
         </PopupEntry>
         <PopupEntry Title="P3DCI_48nits" Value="509">
         </PopupEntry>
	 	 <PopupEntry Title="P3DCI_D60sim_48nits" Value="510">
         </PopupEntry>
         <PopupEntry Title="P3DCI_D65sim_48nits" Value="511">
         </PopupEntry>
	 	 <PopupEntry Title="P3D60_48nits" Value="512">
         </PopupEntry>
         <PopupEntry Title="P3D65_48nits" Value="513">
         </PopupEntry>
         <PopupEntry Title="P3D65_D60sim_48nits" Value="514">
         </PopupEntry>
	 	 <PopupEntry Title="P3D65_Rec709limited_48nits" Value="515">
         </PopupEntry>
         <PopupEntry Title="DCDM" Value="516">
         </PopupEntry>
	 	 <PopupEntry Title="DCDM_P3D60limited" Value="517">
         </PopupEntry>
         <PopupEntry Title="DCDM_P3D65limited" Value="518">
         </PopupEntry>
         <PopupEntry Title="RGBmonitor_100nits_dim" Value="519">
         </PopupEntry>
         <PopupEntry Title="RGBmonitor_D60sim_100nits_dim" Value="520">
         </PopupEntry>
    </Uniform>
    <Uniform Default="600" ValueType="Popup"
	     Tooltip="InvODT"
	     Row="1" Col="0" Page="0" Type="int"
	     DisplayName="InvODT" Name="p_INVODT">
         <PopupEntry Title="Bypass" Value="600">
         </PopupEntry>
         <PopupEntry Title="Rec709_100nits_dim" Value="601">
         </PopupEntry>
	 	 <PopupEntry Title="Rec709_D60sim_100nits_dim" Value="602">
         </PopupEntry>
         <PopupEntry Title="sRGB_100nits_dim" Value="603">
         </PopupEntry>
         <PopupEntry Title="sRGB_D60sim_100nits_dim" Value="604">
         </PopupEntry>
         <PopupEntry Title="Rec2020_100nits_dim" Value="605">
         </PopupEntry>
	 	 <PopupEntry Title="Rec2020_ST2084_1000nits" Value="606">
         </PopupEntry>
	 	 <PopupEntry Title="P3DCI_48nits" Value="607">
         </PopupEntry>
         <PopupEntry Title="P3DCI_D60sim_48nits" Value="608">
         </PopupEntry>
	 	 <PopupEntry Title="P3DCI_D65sim_48nits" Value="609">
         </PopupEntry>
         <PopupEntry Title="P3D60_48nits" Value="610">
         </PopupEntry>
         <PopupEntry Title="P3D65_48nits" Value="611">
         </PopupEntry>
         <PopupEntry Title="P3D65_D60sim_48nits" Value="612">
         </PopupEntry>
	 	 <PopupEntry Title="DCDM" Value="613">
         </PopupEntry>
         <PopupEntry Title="DCDM_P3D65limited" Value="614">
         </PopupEntry>
	 	 <PopupEntry Title="RGBmonitor_100nits_dim" Value="615">
         </PopupEntry>
         <PopupEntry Title="RGBmonitor_D60sim_100nits_dim" Value="616">
         </PopupEntry>
    </Uniform>
  </Shader>
  <Page Name="Transforms" Page="0">
      <Col Name="ACES ODT 1.2" Col="0" Page="0">
      </Col>
   </Page>
</ShaderNodePreset>