<ShaderNodePreset SupportsAdaptiveDegradation="False" SupportsAction="False" SupportsTransition="False" SupportsTimeline="False" MatteProvider="False" TimelineUseBack="True" ShaderType="Matchbox" SoftwareVersion="2016.0.0" Name="Baldavenger RRT ACES 1.2" LimitInputsToTexture="True">
  <Shader OutputBitDepth="Output" Index="1">
    <Uniform Index="0" NoInput="Error" Mipmaps="False"
	     GL_TEXTURE_WRAP_T="GL_REPEAT"
	     GL_TEXTURE_WRAP_S="GL_REPEAT"
	     GL_TEXTURE_MAG_FILTER="GL_LINEAR"
	     GL_TEXTURE_MIN_FILTER="GL_LINEAR" Type="sampler2D"
	     Tooltip="" DisplayName="Front" Name="front"
	     InputType="Front">
    </Uniform>
    <Uniform Default="00" ValueType="Popup"
	     Tooltip="RRT"
	     Row="0" Col="0" Page="0" Type="int"
	     DisplayName="RRT" Name="p_RRT">
         <PopupEntry Title="Bypass" Value="00">
         </PopupEntry>
         <PopupEntry Title="Enable RRT" Value="01">
         </PopupEntry>
    </Uniform>
    <Uniform Default="00" ValueType="Popup"
	     Tooltip="InvRRT"
	     Row="1" Col="0" Page="0" Type="int"
	     DisplayName="InvRRT" Name="p_INVRRT">
         <PopupEntry Title="Bypass" Value="00">
         </PopupEntry>
         <PopupEntry Title="Enable InvRRT" Value="01">
         </PopupEntry>
    </Uniform>
  </Shader>
  <Page Name="Transforms" Page="0">
      <Col Name="ACES RRT 1.2" Col="0" Page="0">
      </Col>
   </Page>
</ShaderNodePreset>