<ShaderNodePreset SupportsAdaptiveDegradation="False" SupportsAction="False" SupportsTransition="False" SupportsTimeline="False" MatteProvider="False" TimelineUseBack="True" ShaderType="Matchbox" SoftwareVersion="2016.0.0" Name="Baldavenger ACES IDT 1.2" LimitInputsToTexture="True">
  <Shader OutputBitDepth="Output" Index="1">
    <Uniform Index="0" NoInput="Error" Mipmaps="False"
	     GL_TEXTURE_WRAP_T="GL_REPEAT"
	     GL_TEXTURE_WRAP_S="GL_REPEAT"
	     GL_TEXTURE_MAG_FILTER="GL_LINEAR"
	     GL_TEXTURE_MIN_FILTER="GL_LINEAR" Type="sampler2D"
	     Tooltip="" DisplayName="Front" Name="front"
	     InputType="Front">
    </Uniform>
    <Uniform Default="200" ValueType="Popup"
	     Tooltip="IDT"
	     Row="0" Col="0" Page="0" Type="int"
	     DisplayName="IDT" Name="p_IDT">
         <PopupEntry Title="Bypass" Value="200">
         </PopupEntry>
         <PopupEntry Title="Rec709" Value="201">
         </PopupEntry>
         <PopupEntry Title="sRGB" Value="202">
         </PopupEntry>
         <PopupEntry Title="Alexa_v3_logC_EI800" Value="203">
         </PopupEntry>
         <PopupEntry Title="Alexa_v3_raw_EI800_CCT6500" Value="204">
         </PopupEntry>
	 	 <PopupEntry Title="Panasonic_V35" Value="205">
         </PopupEntry>
         <PopupEntry Title="REDWideGamutRGB_Log3G10" Value="206">
         </PopupEntry>
         <PopupEntry Title="Canon_C100_A_D55" Value="207">
         </PopupEntry>
         <PopupEntry Title="Canon_C100_A_Tng" Value="208">
         </PopupEntry>
	 	 <PopupEntry Title="Canon_C100mk2_A_D55" Value="209">
         </PopupEntry>
	 	 <PopupEntry Title="Canon_C100mk2_A_Tng" Value="210">
         </PopupEntry>
         <PopupEntry Title="Canon_C300_A_D55" Value="211">
         </PopupEntry>
         <PopupEntry Title="Canon_C300_A_Tng" Value="212">
         </PopupEntry>
         <PopupEntry Title="Canon_C500_A_D55" Value="213">
         </PopupEntry>
         <PopupEntry Title="Canon_C500_A_Tng" Value="214">
         </PopupEntry>
         <PopupEntry Title="Canon_C500_B_D55" Value="215">
         </PopupEntry>
         <PopupEntry Title="Canon_C500_B_Tng" Value="216">
         </PopupEntry>
         <PopupEntry Title="Canon_C500_CinemaGamut_A_D55" Value="217">
         </PopupEntry>
         <PopupEntry Title="Canon_C500_CinemaGamut_A_Tng" Value="218">
         </PopupEntry>
         <PopupEntry Title="Canon_C500_DCI_P3_A_D55" Value="219">
         </PopupEntry>
         <PopupEntry Title="Canon_C500_DCI_P3_A_Tng" Value="220">
         </PopupEntry>
         <PopupEntry Title="Canon_C300mk2_CanonLog_BT2020_D_D55" Value="221">
         </PopupEntry>
         <PopupEntry Title="Canon_C300mk2_CanonLog_BT2020_D_Tng" Value="222">
         </PopupEntry>
         <PopupEntry Title="Canon_C300mk2_CanonLog_CinemaGamut_C_D55" Value="223">
         </PopupEntry>
         <PopupEntry Title="Canon_C300mk2_CanonLog_CinemaGamut_C_Tng" Value="224">
         </PopupEntry>
         <PopupEntry Title="Canon_C300mk2_CanonLog2_BT2020_B_D55" Value="225">
         </PopupEntry>
         <PopupEntry Title="Canon_C300mk2_CanonLog2_BT2020_B_Tng" Value="226">
         </PopupEntry>
         <PopupEntry Title="Canon_C300mk2_CanonLog2_CinemaGamut_A_D55" Value="227">
         </PopupEntry>
         <PopupEntry Title="Canon_C300mk2_CanonLog2_CinemaGamut_A_Tng" Value="228">
         </PopupEntry>
         <PopupEntry Title="Canon_C300mk2_CanonLog3_BT2020_F_D55" Value="229">
         </PopupEntry>
         <PopupEntry Title="Canon_C300mk2_CanonLog3_BT2020_F_Tng" Value="230">
         </PopupEntry>
         <PopupEntry Title="Canon_C300mk2_CanonLog3_CinemaGamut_E_D55" Value="231">
         </PopupEntry>
         <PopupEntry Title="Canon_C300mk2_CanonLog3_CinemaGamut_E_Tng" Value="232">
         </PopupEntry>
         <PopupEntry Title="Sony_SLog1_SGamut" Value="233">
         </PopupEntry>
         <PopupEntry Title="Sony_SLog2_SGamut_Daylight" Value="234">
         </PopupEntry>
	 	 <PopupEntry Title="Sony_SLog2_SGamut_Tungsten" Value="235">
         </PopupEntry>
	 	 <PopupEntry Title="Sony_SLog3_SGamut3" Value="236">
         </PopupEntry>
         <PopupEntry Title="Sony_SLog3_SGamut3Cine" Value="237">
         </PopupEntry>
         <PopupEntry Title="Sony_Venice_SGamut3" Value="238">
         </PopupEntry>
         <PopupEntry Title="Sony_Venice_SGamut3Cine" Value="239">
         </PopupEntry>
    </Uniform>
  </Shader>
  <Page Name="Transforms" Page="0">
      <Col Name="ACES IDT 1.2" Col="0" Page="0">
      </Col>
   </Page>
</ShaderNodePreset>